data,preco,loja,cupom,fonte,url
2026-09-06,,,,sem coleta,
2026-09-07,3979.67,Celulares • Tecnoblog,GRANDE7,RSS · Celulares • Tecnoblog,https://tecnoblog.net/achados/iphone-17e-surge-mais-barato-em-oferta-por-ate-12x-sem-juros-no-aliexpress/
2026-09-07,3979.67,Celulares • Tecnoblog,GRANDE7,RSS · Celulares • Tecnoblog,https://tecnoblog.net/achados/iphone-17e-surge-mais-barato-em-oferta-por-ate-12x-sem-juros-no-aliexpress/
2026-09-07,3979.67,Celulares • Tecnoblog,GRANDE7,RSS · Celulares • Tecnoblog,https://tecnoblog.net/achados/iphone-17e-surge-mais-barato-em-oferta-por-ate-12x-sem-juros-no-aliexpress/
2026-09-07,3979.67,Celulares • Tecnoblog,GRANDE7,RSS · Celulares • Tecnoblog,https://tecnoblog.net/achados/iphone-17e-surge-mais-barato-em-oferta-por-ate-12x-sem-juros-no-aliexpress/
2026-09-07,3979.67,Celulares • Tecnoblog,GRANDE7,RSS · Celulares • Tecnoblog,https://tecnoblog.net/achados/iphone-17e-surge-mais-barato-em-oferta-por-ate-12x-sem-juros-no-aliexpress/
2026-09-07,3979.67,Celulares • Tecnoblog,GRANDE7,RSS · Celulares • Tecnoblog,https://tecnoblog.net/achados/iphone-17e-surge-mais-barato-em-oferta-por-ate-12x-sem-juros-no-aliexpress/
2026-09-08,3979.67,Celulares • Tecnoblog,GRANDE7,RSS · Celulares • Tecnoblog,https://tecnoblog.net/achados/iphone-17e-surge-mais-barato-em-oferta-por-ate-12x-sem-juros-no-aliexpress/
2026-09-08,3979.67,Celulares • Tecnoblog,GRANDE7,RSS · Celulares • Tecnoblog,https://tecnoblog.net/achados/iphone-17e-surge-mais-barato-em-oferta-por-ate-12x-sem-juros-no-aliexpress/
2026-09-08,3999.00,Celulares • Tecnoblog,INFLU300,RSS · Celulares • Tecnoblog,https://tecnoblog.net/achados/iphone-17e-256-gb-de-alto-desempenho-baixa-de-preco-com-cupom/
2026-09-08,3999.00,Celulares • Tecnoblog,INFLU300,RSS · Celulares • Tecnoblog,https://tecnoblog.net/achados/iphone-17e-256-gb-de-alto-desempenho-baixa-de-preco-com-cupom/
2026-09-08,3999.00,Celulares • Tecnoblog,INFLU300,RSS · Celulares • Tecnoblog,https://tecnoblog.net/achados/iphone-17e-256-gb-de-alto-desempenho-baixa-de-preco-com-cupom/
2026-09-09,3999.00,Celulares • Tecnoblog,INFLU300,RSS · Celulares • Tecnoblog,https://tecnoblog.net/achados/iphone-17e-256-gb-de-alto-desempenho-baixa-de-preco-com-cupom/
2026-09-09,3999.00,Celulares • Tecnoblog,INFLU300,RSS · Celulares • Tecnoblog,https://tecnoblog.net/achados/iphone-17e-256-gb-de-alto-desempenho-baixa-de-preco-com-cupom/
2026-09-09,3999.00,Celulares • Tecnoblog,INFLU300,RSS · Celulares • Tecnoblog,https://tecnoblog.net/achados/iphone-17e-256-gb-de-alto-desempenho-baixa-de-preco-com-cupom/
2026-09-09,3949.00,Tecnoblog,MAGALU350,RSS · Tecnoblog,https://tecnoblog.net/achados/iphone-17e-256-gb-sofre-queda-de-preco-com-cupom-no-magazine-luiza/
2026-09-09,3949.00,Tecnoblog,MAGALU350,RSS · Tecnoblog,https://tecnoblog.net/achados/iphone-17e-256-gb-sofre-queda-de-preco-com-cupom-no-magazine-luiza/
2026-09-10,3949.00,Tecnoblog,MAGALU350,RSS · Tecnoblog,https://tecnoblog.net/achados/iphone-17e-256-gb-sofre-queda-de-preco-com-cupom-no-magazine-luiza/
2026-09-10,3999.00,Celulares • Tecnoblog,INFLU300,RSS · Celulares • Tecnoblog,https://tecnoblog.net/achados/iphone-17e-256-gb-de-alto-desempenho-baixa-de-preco-com-cupom/
2026-09-10,3999.00,Celulares • Tecnoblog,INFLU300,RSS · Celulares • Tecnoblog,https://tecnoblog.net/achados/iphone-17e-256-gb-de-alto-desempenho-baixa-de-preco-com-cupom/
2026-09-10,3999.00,Celulares • Tecnoblog,INFLU300,RSS · Celulares • Tecnoblog,https://tecnoblog.net/achados/iphone-17e-256-gb-de-alto-desempenho-baixa-de-preco-com-cupom/
2026-09-10,3999.00,Celulares • Tecnoblog,INFLU300,RSS · Celulares • Tecnoblog,https://tecnoblog.net/achados/iphone-17e-256-gb-de-alto-desempenho-baixa-de-preco-com-cupom/
2026-09-10,3999.00,Celulares • Tecnoblog,INFLU300,RSS · Celulares • Tecnoblog,https://tecnoblog.net/achados/iphone-17e-256-gb-de-alto-desempenho-baixa-de-preco-com-cupom/
